{"dataset-column": null, "use-mean": "mean-difference", "order-stats": "average-statistic", "order-better": "increasing", "used-statistics": "MASE", "order-WinTieLoss": "lower", "include-pvalue": true, "pvalue-test": "wilcoxon", "pvalue-threshold": 0.05, "pvalue-correction": null, "n-datasets": 200, "comparate-names": ["qgts(25)", "qgtse(50)", "SeasonalNaive", "original", "Scaling", "SeasonalMBB"], "n-comparates": 6, "qgts(25)-vs-qgtse(50)": {"win": 86, "tie": 0, "loss": 114, "pvalue": 0.2219382149834782, "is-significant": false, "p-x-wins": 0.0, "p-y-wins": 0.0, "p-rope": 1.0, "mean": 0.002171839999557612}, "qgts(25)-vs-SeasonalNaive": {"win": 154, "tie": 0, "loss": 46, "pvalue": 7.210850202078062e-17, "is-significant": true, "p-x-wins": 0.0, "p-y-wins": 1.0, "p-rope": 0.0, "mean": -0.4190248929220439}, "qgts(25)-vs-original": {"win": 103, "tie": 0, "loss": 97, "pvalue": 0.4262930374052871, "is-significant": false, "p-x-wins": 0.0, "p-y-wins": 0.00022, "p-rope": 0.99978, "mean": -0.009689446992750095}, "qgts(25)-vs-Scaling": {"win": 114, "tie": 0, "loss": 86, "pvalue": 0.011267424853913464, "is-significant": true, "p-x-wins": 0.00104, "p-y-wins": 0.89804, "p-rope": 0.10092, "mean": -0.045156242520637546}, "qgts(25)-vs-SeasonalMBB": {"win": 105, "tie": 0, "loss": 95, "pvalue": 0.2173549122830566, "is-significant": false, "p-x-wins": 0.0, "p-y-wins": 0.0, "p-rope": 1.0, "mean": -0.0013269994893390091}, "qgtse(50)-vs-qgts(25)": {"win": 114, "tie": 0, "loss": 86, "pvalue": 0.2219382149834782, "is-significant": false, "p-x-wins": 0.0, "p-y-wins": 0.0, "p-rope": 1.0, "mean": -0.002171839999557612}, "qgtse(50)-vs-SeasonalNaive": {"win": 155, "tie": 0, "loss": 45, "pvalue": 4.9166940515017637e-17, "is-significant": true, "p-x-wins": 0.0, "p-y-wins": 1.0, "p-rope": 0.0, "mean": -0.42119673292160154}, "qgtse(50)-vs-original": {"win": 104, "tie": 0, "loss": 96, "pvalue": 0.27588406187255565, "is-significant": false, "p-x-wins": 0.0, "p-y-wins": 0.00066, "p-rope": 0.99934, "mean": -0.011861286992307707}, "qgtse(50)-vs-Scaling": {"win": 110, "tie": 0, "loss": 90, "pvalue": 0.07018223537666937, "is-significant": false, "p-x-wins": 0.00186, "p-y-wins": 0.73412, "p-rope": 0.26402, "mean": -0.04732808252019516}, "qgtse(50)-vs-SeasonalMBB": {"win": 106, "tie": 0, "loss": 94, "pvalue": 0.5434230759431834, "is-significant": false, "p-x-wins": 0.0, "p-y-wins": 0.0, "p-rope": 1.0, "mean": -0.0034988394888966212}, "SeasonalNaive-vs-qgts(25)": {"win": 46, "tie": 0, "loss": 154, "pvalue": 7.210850202078062e-17, "is-significant": true, "p-x-wins": 1.0, "p-y-wins": 0.0, "p-rope": 0.0, "mean": 0.4190248929220439}, "SeasonalNaive-vs-qgtse(50)": {"win": 45, "tie": 0, "loss": 155, "pvalue": 4.9166940515017637e-17, "is-significant": true, "p-x-wins": 1.0, "p-y-wins": 0.0, "p-rope": 0.0, "mean": 0.42119673292160154}, "SeasonalNaive-vs-original": {"win": 47, "tie": 0, "loss": 153, "pvalue": 3.8817095184269425e-16, "is-significant": true, "p-x-wins": 1.0, "p-y-wins": 0.0, "p-rope": 0.0, "mean": 0.40933544592929383}, "SeasonalNaive-vs-Scaling": {"win": 51, "tie": 0, "loss": 149, "pvalue": 4.063204731194239e-14, "is-significant": true, "p-x-wins": 1.0, "p-y-wins": 0.0, "p-rope": 0.0, "mean": 0.3738686504014064}, "SeasonalNaive-vs-SeasonalMBB": {"win": 43, "tie": 0, "loss": 157, "pvalue": 1.1456935203626531e-17, "is-significant": true, "p-x-wins": 1.0, "p-y-wins": 0.0, "p-rope": 0.0, "mean": 0.4176978934327049}, "original-vs-qgts(25)": {"win": 97, "tie": 0, "loss": 103, "pvalue": 0.4262930374052871, "is-significant": false, "p-x-wins": 0.0003, "p-y-wins": 0.0, "p-rope": 0.9997, "mean": 0.009689446992750095}, "original-vs-qgtse(50)": {"win": 96, "tie": 0, "loss": 104, "pvalue": 0.27588406187255565, "is-significant": false, "p-x-wins": 0.0007, "p-y-wins": 0.0, "p-rope": 0.9993, "mean": 0.011861286992307707}, "original-vs-SeasonalNaive": {"win": 153, "tie": 0, "loss": 47, "pvalue": 3.8817095184269425e-16, "is-significant": true, "p-x-wins": 0.0, "p-y-wins": 1.0, "p-rope": 0.0, "mean": -0.40933544592929383}, "original-vs-Scaling": {"win": 109, "tie": 0, "loss": 91, "pvalue": 0.07151527719167869, "is-significant": false, "p-x-wins": 0.00016, "p-y-wins": 0.19666, "p-rope": 0.80318, "mean": -0.03546679552788745}, "original-vs-SeasonalMBB": {"win": 96, "tie": 0, "loss": 104, "pvalue": 0.5321501233814853, "is-significant": false, "p-x-wins": 0.00346, "p-y-wins": 2e-05, "p-rope": 0.99652, "mean": 0.008362447503411086}, "Scaling-vs-qgts(25)": {"win": 86, "tie": 0, "loss": 114, "pvalue": 0.011267424853913464, "is-significant": true, "p-x-wins": 0.89888, "p-y-wins": 0.00128, "p-rope": 0.09984, "mean": 0.045156242520637546}, "Scaling-vs-qgtse(50)": {"win": 90, "tie": 0, "loss": 110, "pvalue": 0.07018223537666937, "is-significant": false, "p-x-wins": 0.7354, "p-y-wins": 0.0012, "p-rope": 0.2634, "mean": 0.04732808252019516}, "Scaling-vs-SeasonalNaive": {"win": 149, "tie": 0, "loss": 51, "pvalue": 4.063204731194239e-14, "is-significant": true, "p-x-wins": 0.0, "p-y-wins": 1.0, "p-rope": 0.0, "mean": -0.3738686504014064}, "Scaling-vs-original": {"win": 91, "tie": 0, "loss": 109, "pvalue": 0.07151527719167869, "is-significant": false, "p-x-wins": 0.19728, "p-y-wins": 0.00022, "p-rope": 0.8025, "mean": 0.03546679552788745}, "Scaling-vs-SeasonalMBB": {"win": 91, "tie": 0, "loss": 109, "pvalue": 0.015433734925249576, "is-significant": true, "p-x-wins": 0.39076, "p-y-wins": 2e-05, "p-rope": 0.60922, "mean": 0.04382924303129854}, "SeasonalMBB-vs-qgts(25)": {"win": 95, "tie": 0, "loss": 105, "pvalue": 0.2173549122830566, "is-significant": false, "p-x-wins": 0.0, "p-y-wins": 0.0, "p-rope": 1.0, "mean": 0.0013269994893390091}, "SeasonalMBB-vs-qgtse(50)": {"win": 94, "tie": 0, "loss": 106, "pvalue": 0.5434230759431834, "is-significant": false, "p-x-wins": 0.0, "p-y-wins": 0.0, "p-rope": 1.0, "mean": 0.0034988394888966212}, "SeasonalMBB-vs-SeasonalNaive": {"win": 157, "tie": 0, "loss": 43, "pvalue": 1.1456935203626531e-17, "is-significant": true, "p-x-wins": 0.0, "p-y-wins": 1.0, "p-rope": 0.0, "mean": -0.4176978934327049}, "SeasonalMBB-vs-original": {"win": 104, "tie": 0, "loss": 96, "pvalue": 0.5321501233814853, "is-significant": false, "p-x-wins": 0.0001, "p-y-wins": 0.00376, "p-rope": 0.99614, "mean": -0.008362447503411086}, "SeasonalMBB-vs-Scaling": {"win": 109, "tie": 0, "loss": 91, "pvalue": 0.015433734925249576, "is-significant": true, "p-x-wins": 2e-05, "p-y-wins": 0.39222, "p-rope": 0.60776, "mean": -0.04382924303129854}, "average-statistic": {"qgts(25)": 0.8313, "qgtse(50)": 0.8291, "SeasonalNaive": 1.2503, "original": 0.841, "Scaling": 0.8764, "SeasonalMBB": 0.8326}, "ordered-stats": [0.8291, 0.8313, 0.8326, 0.841, 0.8764, 1.2503], "ordered-comparate-names": ["qgtse(50)", "qgts(25)", "SeasonalMBB", "original", "Scaling", "SeasonalNaive"]}